{
 "coef": [
  0.31178041585400745,
  0.2187470317518948,
  0.2532270500911149,
  -0.03675012680404936,
  0.38964836826714105,
  -0.31825925963052276,
  -0.037148212482424815
 ],
 "intercept": -2.344503392368752,
 "feature_order": [
  "proj",
  "log1p_own",
  "proj*own/100",
  "is_GK",
  "is_DEF",
  "is_MID",
  "is_FWD"
 ],
 "pos_order": [
  "GK",
  "DEF",
  "MID",
  "FWD"
 ]
}